"2017-05-23 15:35:50","25.39","46.75","990.75","422","400","20170523_153550.jpg"
"2017-05-23 15:46:07","25.36","46.87","990.77","883","430","20170523_154607.jpg"
"2017-05-23 15:56:27","25.33","49.02","990.54","888","444","20170523_155627.jpg"
"2017-05-23 16:24:59","28.25","38.53","989.56","465","466","20170523_162459.jpg"
"2017-05-23 16:35:19","28.22","38.32","989.69","484","471","20170523_163519.jpg"
"2017-05-23 16:45:39","28.22","38.41","989.80","547","476","20170523_164539.jpg"
"2017-05-23 16:55:58","28.03","38.86","989.79","570","481","20170523_165558.jpg"
"2017-05-23 17:06:18","28.42","38.55","989.77","578","487","20170523_170618.jpg"
"2017-05-23 17:16:38","28.78","39.83","989.81","571","492","20170523_171638.jpg"
"2017-05-23 17:26:58","28.55","42.46","989.78","626","495","20170523_172658.jpg"
"2017-05-23 17:37:17","28.68","43.68","989.91","686","498","20170523_173717.jpg"
"2017-05-23 17:47:37","28.77","43.42","989.89","770","500","20170523_174737.jpg"
"2017-05-23 17:57:57","28.63","42.47","989.94","788","500","20170523_175757.jpg"
"2017-05-23 18:08:16","28.55","43.77","990.15","819","502","20170523_180816.jpg"
"2017-05-23 18:18:36","28.50","44.43","990.17","842","502","20170523_181836.jpg"
"2017-05-23 18:28:56","28.55","44.49","990.28","871","505","20170523_182856.jpg"
"2017-05-23 18:39:31","28.70","44.82","990.47","896","505","20170523_183931.jpg"
"2017-05-23 18:49:35","28.49","45.99","990.55","905","504","20170523_184935.jpg"
"2017-05-23 18:59:55","28.50","45.05","990.44","911","505","20170523_185955.jpg"
"2017-05-23 19:10:15","28.45","44.91","990.55","912","505","20170523_191015.jpg"
"2017-05-23 19:20:34","28.41","44.73","990.57","910","506","20170523_192034.jpg"
"2017-05-23 19:30:54","28.43","44.55","990.76","911","506","20170523_193054.jpg"
"2017-05-23 19:41:14","28.59","43.03","990.98","910","507","20170523_194114.jpg"
"2017-05-23 19:51:34","28.62","41.39","991.25","911","507","20170523_195134.jpg"
"2017-05-23 20:01:53","28.44","43.15","991.35","910","508","20170523_200153.jpg"
"2017-05-23 20:12:13","28.49","42.87","991.29","911","507","20170523_201213.jpg"
"2017-05-23 20:22:33","28.46","42.91","991.56","912","508","20170523_202233.jpg"
"2017-05-23 20:32:52","28.59","41.47","991.48","913","508","20170523_203252.jpg"
"2017-05-23 20:43:12","28.50","42.34","991.72","927","508","20170523_204312.jpg"
"2017-05-23 20:53:32","28.44","42.58","991.74","934","509","20170523_205332.jpg"
"2017-05-23 21:03:52","28.73","42.11","991.80","996","508","20170523_210352.jpg"
"2017-05-23 21:14:11","28.62","42.13","991.77","997","509","20170523_211411.jpg"
"2017-05-23 21:24:31","28.48","42.41","991.69","996","508","20170523_212431.jpg"
"2017-05-23 21:34:51","28.45","42.50","991.66","997","508","20170523_213451.jpg"
"2017-05-23 21:45:11","28.45","42.70","991.66","998","509","20170523_214511.jpg"
"2017-05-23 21:55:31","28.45","42.79","991.69","997","509","20170523_215531.jpg"
"2017-05-23 22:05:51","28.44","42.85","991.58","998","507","20170523_220551.jpg"
"2017-05-23 22:16:10","28.46","42.82","991.66","999","510","20170523_221610.jpg"
"2017-05-23 22:26:30","28.41","43.01","991.82","995","508","20170523_222630.jpg"
"2017-05-23 22:36:50","28.47","42.88","991.82","997","510","20170523_223650.jpg"
"2017-05-23 22:47:10","28.44","42.96","991.77","998","510","20170523_224710.jpg"
"2017-05-23 22:57:30","28.39","43.10","991.71","998","510","20170523_225730.jpg"
"2017-05-23 23:07:49","28.41","43.10","991.63","998","509","20170523_230749.jpg"
"2017-05-23 23:18:09","28.39","43.11","991.82","998","509","20170523_231809.jpg"
"2017-05-23 23:28:29","28.40","43.09","991.74","1000","509","20170523_232829.jpg"
"2017-05-23 23:38:49","28.38","43.14","991.63","1000","509","20170523_233849.jpg"
"2017-05-23 23:49:09","28.36","43.18","991.61","996","511","20170523_234909.jpg"
"2017-05-23 23:59:29","28.34","43.27","991.55","997","510","20170523_235929.jpg"
"2017-05-24 00:09:49","28.32","43.31","991.42","997","511","20170524_000949.jpg"
"2017-05-24 00:20:08","28.34","43.29","991.37","997","511","20170524_002008.jpg"
"2017-05-24 00:30:28","28.33","43.33","991.34","1000","511","20170524_003028.jpg"
"2017-05-24 00:40:48","28.31","43.35","991.16","1000","511","20170524_004048.jpg"
"2017-05-24 00:51:08","28.32","43.38","991.08","995","513","20170524_005108.jpg"
"2017-05-24 01:01:28","28.35","43.31","991.08","1000","511","20170524_010128.jpg"
"2017-05-24 01:11:48","28.33","43.41","991.08","998","512","20170524_011148.jpg"
"2017-05-24 01:22:07","28.29","43.43","991.00","1000","513","20170524_012207.jpg"
"2017-05-24 01:32:27","28.31","43.41","990.84","998","513","20170524_013227.jpg"
"2017-05-24 01:42:47","28.33","43.34","990.81","998","513","20170524_014247.jpg"
"2017-05-24 01:53:07","28.28","43.46","990.79","997","515","20170524_015307.jpg"
"2017-05-24 02:03:26","28.26","43.49","990.78","996","515","20170524_020326.jpg"
"2017-05-24 02:13:46","28.26","43.49","990.65","999","515","20170524_021346.jpg"
"2017-05-24 02:24:06","28.29","43.42","990.43","999","515","20170524_022406.jpg"
"2017-05-24 02:34:26","28.26","43.49","990.59","998","516","20170524_023426.jpg"
"2017-05-24 02:44:46","28.26","43.52","990.65","998","517","20170524_024446.jpg"
"2017-05-24 02:55:06","28.26","43.48","990.46","997","517","20170524_025506.jpg"
"2017-05-24 03:05:25","28.21","43.57","990.43","996","518","20170524_030525.jpg"
"2017-05-24 03:15:45","28.18","43.65","990.51","995","517","20170524_031545.jpg"
"2017-05-24 03:26:05","28.22","43.49","990.46","996","518","20170524_032605.jpg"
"2017-05-24 03:36:25","28.18","43.62","990.48","997","519","20170524_033625.jpg"
"2017-05-24 03:46:45","28.16","43.63","990.45","998","520","20170524_034645.jpg"
"2017-05-24 03:57:05","28.23","43.48","990.43","999","519","20170524_035705.jpg"
"2017-05-24 04:07:24","28.17","43.56","990.40","998","519","20170524_040724.jpg"
"2017-05-24 04:17:44","28.18","43.55","990.51","993","521","20170524_041744.jpg"
"2017-05-24 04:28:04","28.17","43.52","990.54","988","520","20170524_042804.jpg"
"2017-05-24 04:38:23","28.14","43.58","990.73","974","521","20170524_043823.jpg"
"2017-05-24 04:48:43","28.17","43.55","990.91","934","521","20170524_044843.jpg"
"2017-05-24 04:59:03","28.11","43.62","991.15","903","520","20170524_045903.jpg"
"2017-05-24 05:09:23","28.22","43.41","991.23","824","521","20170524_050923.jpg"
"2017-05-24 05:19:42","28.19","43.46","991.34","786","522","20170524_051942.jpg"
"2017-05-24 05:30:02","28.20","43.41","991.52","759","523","20170524_053002.jpg"
"2017-05-24 05:40:22","28.18","43.46","991.68","738","521","20170524_054022.jpg"
"2017-05-24 05:50:41","28.23","43.39","991.68","688","521","20170524_055041.jpg"
"2017-05-24 06:01:01","28.32","43.18","991.69","609","524","20170524_060101.jpg"
"2017-05-24 06:11:21","28.37","43.09","991.66","610","523","20170524_061121.jpg"
"2017-05-24 06:21:41","28.45","42.82","991.77","587","522","20170524_062141.jpg"
"2017-05-24 06:32:00","28.43","42.91","991.58","653","521","20170524_063200.jpg"
"2017-05-24 06:42:20","28.44","42.88","991.69","638","523","20170524_064220.jpg"
"2017-05-24 06:52:40","28.49","42.78","991.77","576","521","20170524_065240.jpg"
"2017-05-24 07:02:59","28.48","42.94","991.85","626","524","20170524_070259.jpg"
"2017-05-24 07:13:19","28.64","42.50","991.85","437","522","20170524_071319.jpg"
"2017-05-24 07:23:39","28.81","42.11","991.91","421","522","20170524_072339.jpg"
"2017-05-24 07:33:59","28.98","41.81","991.65","372","522","20170524_073359.jpg"
"2017-05-24 07:44:18","29.84","39.99","991.66","184","523","20170524_074418.jpg"
"2017-05-24 07:54:38","29.97","40.09","991.58","319","523","20170524_075438.jpg"
"2017-05-24 08:04:58","32.10","35.36","991.38","238","522","20170524_080458.jpg"
"2017-05-24 08:15:18","31.47","36.13","991.39","357","523","20170524_081518.jpg"
"2017-05-24 08:25:37","29.71","39.87","991.41","402","524","20170524_082537.jpg"
"2017-05-24 08:35:57","29.40","40.34","991.38","394","522","20170524_083557.jpg"
"2017-05-24 08:46:17","29.36","40.93","991.37","423","524","20170524_084617.jpg"
"2017-05-24 08:56:36","29.34","41.03","991.37","444","523","20170524_085636.jpg"
"2017-05-24 09:06:56","29.36","41.12","991.40","447","524","20170524_090656.jpg"
"2017-05-24 09:17:16","29.42","41.11","991.43","444","523","20170524_091716.jpg"
"2017-05-24 09:27:36","29.28","41.19","991.37","465","522","20170524_092736.jpg"
"2017-05-24 09:37:55","29.35","41.71","991.40","467","523","20170524_093755.jpg"
"2017-05-24 09:48:15","29.15","42.26","991.31","490","523","20170524_094815.jpg"
"2017-05-24 09:58:35","29.27","42.90","991.21","498","522","20170524_095835.jpg"
"2017-05-24 10:08:54","29.32","43.07","991.27","510","522","20170524_100854.jpg"
"2017-05-24 10:19:14","29.29","42.45","991.13","524","522","20170524_101914.jpg"
"2017-05-24 10:29:34","29.05","43.29","990.97","533","523","20170524_102934.jpg"
"2017-05-24 10:39:54","29.19","43.75","990.89","525","523","20170524_103954.jpg"
"2017-05-24 10:50:13","29.24","43.73","990.97","502","522","20170524_105013.jpg"
"2017-05-24 11:00:33","29.22","43.45","990.97","483","522","20170524_110033.jpg"
"2017-05-24 11:10:53","29.18","43.62","990.79","541","522","20170524_111053.jpg"
"2017-05-24 11:21:12","29.12","43.77","990.78","537","522","20170524_112112.jpg"
"2017-05-24 11:31:32","29.11","44.24","990.86","554","522","20170524_113132.jpg"
"2017-05-24 11:41:52","29.04","44.12","990.84","554","522","20170524_114152.jpg"
"2017-05-24 11:52:12","29.01","44.82","990.70","564","522","20170524_115212.jpg"
"2017-05-24 12:02:31","29.06","44.74","990.57","562","522","20170524_120231.jpg"
"2017-05-24 12:12:51","29.05","45.55","990.70","543","521","20170524_121251.jpg"
"2017-05-24 12:23:11","29.06","42.05","990.70","544","521","20170524_122311.jpg"
"2017-05-24 12:33:30","29.00","46.17","990.51","539","522","20170524_123330.jpg"
"2017-05-24 12:43:50","28.97","43.90","990.32","554","521","20170524_124350.jpg"
"2017-05-24 12:54:10","29.01","45.78","990.27","533","521","20170524_125410.jpg"
"2017-05-24 13:04:30","29.24","44.29","990.22","341","520","20170524_130430.jpg"
"2017-05-24 13:14:49","29.25","45.67","989.96","439","0","20170524_131449.jpg"
"2017-05-24 13:25:09","28.94","45.94","989.95","416","511","20170524_132509.jpg"
"2017-05-24 13:35:29","28.99","45.50","989.74","453","509","20170524_133529.jpg"
"2017-05-24 13:45:48","28.84","46.37","989.63","468","509","20170524_134548.jpg"
"2017-05-24 13:56:08","28.82","46.16","989.60","442","509","20170524_135608.jpg"
"2017-05-24 14:06:28","28.77","46.11","989.60","497","510","20170524_140628.jpg"
"2017-05-24 14:16:47","28.95","44.30","989.32","500","511","20170524_141647.jpg"
"2017-05-24 14:27:07","28.90","42.89","989.50","520","510","20170524_142707.jpg"
"2017-05-24 14:37:27","28.98","44.40","989.50","550","510","20170524_143727.jpg"
"2017-05-24 14:47:47","29.02","44.59","989.29","497","511","20170524_144747.jpg"
"2017-05-24 14:58:06","28.85","43.42","989.31","505","512","20170524_145806.jpg"
"2017-05-24 15:08:26","28.85","43.87","989.34","523","512","20170524_150826.jpg"
"2017-05-24 15:18:46","28.75","45.68","989.26","598","514","20170524_151846.jpg"
"2017-05-24 15:29:05","28.96","43.48","989.16","528","514","20170524_152905.jpg"
"2017-05-24 15:39:25","28.82","45.45","989.34","517","513","20170524_153925.jpg"
"2017-05-24 15:49:45","29.06","43.52","989.53","511","514","20170524_154945.jpg"
"2017-05-24 16:00:05","29.06","43.64","989.64","550","516","20170524_160005.jpg"
"2017-05-24 16:10:24","29.04","44.29","989.40","584","515","20170524_161024.jpg"
"2017-05-24 16:20:44","28.82","46.00","989.31","552","515","20170524_162044.jpg"
"2017-05-24 16:31:04","29.00","45.04","989.26","573","516","20170524_163104.jpg"
"2017-05-24 16:41:23","28.96","44.84","989.47","609","517","20170524_164123.jpg"
"2017-05-24 16:51:43","28.95","45.55","989.55","636","518","20170524_165143.jpg"
"2017-05-24 17:02:03","28.83","44.69","989.58","652","517","20170524_170203.jpg"
"2017-05-24 17:12:23","28.80","46.41","989.49","659","518","20170524_171223.jpg"
"2017-05-24 17:22:42","28.67","46.51","989.54","661","520","20170524_172242.jpg"
"2017-05-24 17:33:02","28.97","42.86","989.61","692","519","20170524_173302.jpg"
"2017-05-24 17:43:22","28.90","45.79","989.71","674","519","20170524_174322.jpg"
"2017-05-24 17:53:41","28.84","46.42","989.76","704","520","20170524_175341.jpg"
"2017-05-24 18:04:01","28.94","46.16","989.79","717","521","20170524_180401.jpg"
"2017-05-24 18:14:21","28.82","45.16","989.76","726","520","20170524_181421.jpg"
"2017-05-24 18:24:41","28.78","46.15","989.84","735","520","20170524_182441.jpg"
"2017-05-24 18:35:00","28.74","46.12","989.94","746","521","20170524_183500.jpg"
"2017-05-24 18:45:20","28.74","45.81","989.92","750","521","20170524_184520.jpg"
"2017-05-24 18:55:40","29.01","45.13","989.85","753","521","20170524_185540.jpg"
"2017-05-24 19:05:59","28.97","45.50","990.03","753","520","20170524_190559.jpg"
"2017-05-24 19:16:19","28.79","46.37","990.05","752","522","20170524_191619.jpg"
"2017-05-24 19:26:39","28.64","47.17","990.15","752","521","20170524_192639.jpg"
"2017-05-24 19:36:59","28.72","47.13","990.39","753","521","20170524_193659.jpg"
"2017-05-24 19:47:18","28.87","47.00","990.62","751","522","20170524_194718.jpg"
"2017-05-24 19:57:38","28.62","48.07","990.66","752","521","20170524_195738.jpg"
"2017-05-24 20:07:58","28.68","48.00","990.66","753","521","20170524_200758.jpg"
"2017-05-24 20:18:18","28.63","47.78","990.85","752","521","20170524_201818.jpg"
"2017-05-24 20:28:37","28.71","47.58","990.90","752","522","20170524_202837.jpg"
"2017-05-24 20:38:57","28.99","46.97","990.83","754","522","20170524_203857.jpg"
"2017-05-24 20:49:17","28.57","47.93","990.63","786","522","20170524_204917.jpg"
"2017-05-24 20:59:36","28.55","47.13","990.66","903","523","20170524_205936.jpg"
"2017-05-24 21:09:57","28.65","48.06","990.90","1005","522","20170524_210957.jpg"
"2017-05-24 21:20:17","28.68","47.77","991.04","1005","522","20170524_212017.jpg"
"2017-05-24 21:30:37","28.60","47.80","991.03","1008","522","20170524_213037.jpg"
"2017-05-24 21:40:58","28.56","47.88","990.98","1006","523","20170524_214058.jpg"
"2017-05-24 21:51:18","28.51","47.93","990.85","1006","523","20170524_215118.jpg"
"2017-05-24 22:01:38","28.53","47.80","990.71","1008","523","20170524_220138.jpg"
"2017-05-24 22:11:59","28.49","47.81","990.63","1007","524","20170524_221159.jpg"
"2017-05-24 22:22:19","28.47","47.87","990.60","1008","523","20170524_222219.jpg"
"2017-05-24 22:32:39","28.47","47.87","990.46","1008","523","20170524_223239.jpg"
"2017-05-24 22:43:00","28.47","47.84","990.33","1008","523","20170524_224300.jpg"
"2017-05-24 22:53:20","28.48","47.73","990.25","1006","524","20170524_225320.jpg"
"2017-05-24 23:03:40","28.59","47.35","990.28","1007","524","20170524_230340.jpg"
"2017-05-24 23:14:01","28.44","47.80","990.25","1008","523","20170524_231401.jpg"
"2017-05-24 23:24:21","28.56","47.32","990.10","1007","524","20170524_232421.jpg"
"2017-05-24 23:34:42","28.45","47.76","990.20","1008","523","20170524_233442.jpg"
"2017-05-24 23:45:02","28.45","47.68","990.04","1007","524","20170524_234502.jpg"
"2017-05-24 23:55:23","28.48","47.07","989.91","1007","524","20170524_235523.jpg"
"2017-05-25 00:05:43","28.44","47.64","989.72","1009","523","20170525_000543.jpg"
"2017-05-25 00:16:03","28.41","47.76","989.72","1007","524","20170525_001603.jpg"
"2017-05-25 00:26:23","28.43","47.70","989.72","1007","525","20170525_002623.jpg"
"2017-05-25 00:36:44","28.51","46.64","989.62","1009","524","20170525_003644.jpg"
"2017-05-25 00:47:04","28.42","47.38","989.48","1007","524","20170525_004704.jpg"
"2017-05-25 00:57:24","28.37","47.79","989.51","1006","525","20170525_005724.jpg"
"2017-05-25 01:07:45","28.39","47.63","989.43","1008","525","20170525_010745.jpg"
"2017-05-25 01:18:05","28.38","47.75","989.43","1006","526","20170525_011805.jpg"
"2017-05-25 01:28:26","28.33","47.85","989.27","1009","526","20170525_012826.jpg"
"2017-05-25 01:38:46","28.34","47.83","989.06","1009","525","20170525_013846.jpg"
"2017-05-25 01:49:06","28.33","47.83","989.22","1008","526","20170525_014906.jpg"
"2017-05-25 01:59:27","28.33","47.83","988.98","1009","525","20170525_015927.jpg"
"2017-05-25 02:09:47","28.34","47.91","988.87","1009","525","20170525_020947.jpg"
"2017-05-25 02:20:07","28.28","48.08","988.81","1008","526","20170525_022007.jpg"
"2017-05-25 02:30:28","28.30","48.00","988.69","1006","526","20170525_023028.jpg"
"2017-05-25 02:40:48","28.26","48.10","988.57","1008","526","20170525_024048.jpg"
"2017-05-25 02:51:08","28.27","48.01","988.44","1007","527","20170525_025108.jpg"
"2017-05-25 03:01:29","28.27","48.02","988.57","1008","526","20170525_030129.jpg"
"2017-05-25 03:11:49","28.27","47.83","988.62","1006","526","20170525_031149.jpg"
"2017-05-25 03:22:10","28.26","48.12","988.73","1007","527","20170525_032210.jpg"
"2017-05-25 03:32:30","28.24","48.15","988.44","1007","527","20170525_033230.jpg"
"2017-05-25 03:42:50","28.23","48.15","988.41","1007","527","20170525_034250.jpg"
"2017-05-25 03:53:11","28.22","48.22","988.28","1008","526","20170525_035311.jpg"
"2017-05-25 04:03:31","28.15","48.32","988.17","1006","526","20170525_040331.jpg"
"2017-05-25 04:13:51","28.19","48.29","988.25","1007","527","20170525_041351.jpg"
"2017-05-25 04:24:12","28.20","48.23","988.38","1004","527","20170525_042412.jpg"
"2017-05-25 04:34:32","28.18","48.25","988.46","1000","526","20170525_043432.jpg"
"2017-05-25 04:44:52","28.18","48.24","988.41","979","527","20170525_044452.jpg"
"2017-05-25 04:55:11","28.14","48.36","988.54","955","528","20170525_045511.jpg"
"2017-05-25 05:05:31","28.13","48.38","988.36","930","527","20170525_050531.jpg"
"2017-05-25 05:15:51","28.16","48.25","988.46","926","527","20170525_051551.jpg"
"2017-05-25 05:26:11","28.15","48.34","988.49","905","527","20170525_052611.jpg"
"2017-05-25 05:36:30","28.14","48.33","988.71","890","526","20170525_053630.jpg"
"2017-05-25 05:46:50","28.16","48.26","988.62","828","526","20170525_054650.jpg"
"2017-05-25 05:57:10","28.16","48.25","988.75","848","527","20170525_055710.jpg"
"2017-05-25 06:07:29","28.16","48.21","988.67","788","527","20170525_060729.jpg"
"2017-05-25 06:17:49","28.16","48.29","989.03","756","528","20170525_061749.jpg"
"2017-05-25 06:28:09","28.14","48.27","988.92","837","526","20170525_062809.jpg"
"2017-05-25 06:38:29","28.14","48.30","989.13","769","527","20170525_063829.jpg"
"2017-05-25 06:48:48","28.15","48.28","988.92","782","527","20170525_064848.jpg"
"2017-05-25 06:59:08","28.15","48.29","989.03","703","527","20170525_065908.jpg"
"2017-05-25 07:09:28","28.18","48.26","988.75","763","527","20170525_070928.jpg"
"2017-05-25 07:19:47","28.17","48.28","988.62","735","527","20170525_071947.jpg"
"2017-05-25 07:30:07","28.10","48.56","988.75","715","527","20170525_073007.jpg"
"2017-05-25 07:40:27","28.19","48.20","988.90","643","528","20170525_074027.jpg"
"2017-05-25 07:50:47","28.16","48.24","988.75","644","527","20170525_075047.jpg"
"2017-05-25 08:01:06","28.16","48.32","988.75","679","528","20170525_080106.jpg"
"2017-05-25 08:11:26","28.20","48.27","988.73","635","527","20170525_081126.jpg"
"2017-05-25 08:21:46","28.21","48.15","988.73","622","527","20170525_082146.jpg"
"2017-05-25 08:32:05","28.53","41.52","988.82","599","527","20170525_083205.jpg"
"2017-05-25 08:42:25","28.34","44.24","988.87","597","527","20170525_084225.jpg"
"2017-05-25 08:52:45","28.42","43.95","988.72","640","528","20170525_085245.jpg"
"2017-05-25 09:03:05","28.43","44.53","988.63","621","528","20170525_090305.jpg"
"2017-05-25 09:13:24","28.25","51.38","988.65","596","527","20170525_091324.jpg"
"2017-05-25 09:23:44","28.31","51.03","988.71","592","527","20170525_092344.jpg"
"2017-05-25 09:34:04","28.37","50.25","988.72","613","527","20170525_093404.jpg"
"2017-05-25 09:44:23","28.54","50.00","988.63","586","527","20170525_094423.jpg"
"2017-05-25 09:54:43","28.46","50.97","988.58","521","527","20170525_095443.jpg"
"2017-05-25 10:05:03","28.36","52.21","988.57","491","528","20170525_100503.jpg"
"2017-05-25 10:15:23","28.37","52.40","988.57","481","528","20170525_101523.jpg"
"2017-05-25 10:25:42","28.34","53.25","988.57","606","528","20170525_102542.jpg"
"2017-05-25 10:36:02","28.63","51.83","988.56","519","529","20170525_103602.jpg"
"2017-05-25 10:46:22","28.55","51.94","988.63","565","527","20170525_104622.jpg"
"2017-05-25 10:56:41","28.58","52.05","988.42","474","527","20170525_105641.jpg"
"2017-05-25 11:07:01","28.55","52.17","988.34","521","528","20170525_110701.jpg"
"2017-05-25 11:17:21","28.42","52.93","988.36","549","528","20170525_111721.jpg"
"2017-05-25 11:27:41","28.40","52.69","988.39","522","528","20170525_112741.jpg"
"2017-05-25 11:38:00","28.36","52.56","988.36","541","527","20170525_113800.jpg"
"2017-05-25 11:48:20","28.35","52.44","988.52","778","528","20170525_114820.jpg"
"2017-05-25 11:58:40","29.01","50.40","988.51","656","528","20170525_115840.jpg"
"2017-05-25 12:08:59","28.44","50.78","988.31","542","527","20170525_120859.jpg"
"2017-05-25 12:19:19","28.36","49.91","988.18","504","528","20170525_121919.jpg"
"2017-05-25 12:29:39","28.69","49.69","988.11","489","528","20170525_122939.jpg"
"2017-05-25 12:39:58","28.53","48.16","987.94","610","528","20170525_123958.jpg"
"2017-05-25 12:50:18","28.55","47.45","987.81","640","529","20170525_125018.jpg"
"2017-05-25 13:00:38","28.32","47.89","987.86","701","528","20170525_130038.jpg"
"2017-05-25 13:10:58","28.24","47.20","987.59","629","529","20170525_131058.jpg"
"2017-05-25 13:21:17","28.41","46.50","987.47","557","528","20170525_132117.jpg"
"2017-05-25 13:31:37","28.58","46.07","987.42","500","529","20170525_133137.jpg"
"2017-05-25 13:41:57","28.31","46.18","987.57","626","528","20170525_134157.jpg"
"2017-05-25 13:52:16","28.34","46.09","987.62","611","529","20170525_135216.jpg"
"2017-05-25 14:02:36","28.46","47.27","987.70","726","527","20170525_140236.jpg"
"2017-05-25 14:12:56","28.45","46.13","987.68","650","527","20170525_141256.jpg"
"2017-05-25 14:23:16","28.41","46.52","987.73","641","528","20170525_142316.jpg"
"2017-05-25 14:33:35","28.58","46.43","987.63","692","528","20170525_143335.jpg"
"2017-05-25 14:43:55","28.32","46.74","987.70","697","530","20170525_144355.jpg"
"2017-05-25 14:54:15","28.19","46.96","987.46","625","530","20170525_145415.jpg"
"2017-05-25 15:04:34","28.65","46.23","987.29","597","530","20170525_150434.jpg"
"2017-05-25 15:14:54","28.54","46.34","987.26","677","529","20170525_151454.jpg"
"2017-05-25 15:25:14","28.64","46.26","987.18","554","529","20170525_152514.jpg"
"2017-05-25 15:35:34","28.71","46.11","987.08","555","530","20170525_153534.jpg"
"2017-05-25 15:45:53","28.99","45.04","986.98","424","530","20170525_154553.jpg"
"2017-05-25 15:56:13","28.83","45.27","986.79","550","529","20170525_155613.jpg"
"2017-05-25 16:06:33","28.77","44.86","986.73","588","530","20170525_160633.jpg"
"2017-05-25 16:16:52","28.86","44.38","986.65","640","530","20170525_161652.jpg"
"2017-05-25 16:27:12","28.82","42.69","986.57","605","530","20170525_162712.jpg"
"2017-05-25 16:37:32","28.36","44.62","986.64","645","530","20170525_163732.jpg"
"2017-05-25 16:47:52","28.27","44.58","986.74","652","528","20170525_164752.jpg"
"2017-05-25 16:58:11","28.24","43.60","986.70","663","529","20170525_165811.jpg"
"2017-05-25 17:08:31","27.84","44.94","986.71","667","529","20170525_170831.jpg"
"2017-05-25 17:18:51","27.55","44.33","986.84","671","529","20170525_171851.jpg"
"2017-05-25 17:29:10","27.93","41.58","986.98","681","528","20170525_172910.jpg"
"2017-05-25 17:39:30","27.73","42.65","986.80","690","528","20170525_173930.jpg"
"2017-05-25 17:49:50","27.82","42.40","986.87","696","527","20170525_174950.jpg"
"2017-05-25 18:00:10","27.50","42.77","986.99","696","527","20170525_180010.jpg"
"2017-05-25 18:10:29","27.71","42.30","987.21","708","527","20170525_181029.jpg"
"2017-05-25 18:20:49","28.14","43.67","987.46","710","527","20170525_182049.jpg"
"2017-05-25 18:31:09","28.18","43.91","987.62","715","527","20170525_183109.jpg"
"2017-05-25 18:41:28","28.30","43.45","987.54","717","528","20170525_184128.jpg"
"2017-05-25 18:51:48","28.59","42.96","987.68","718","528","20170525_185148.jpg"
"2017-05-25 19:02:08","28.53","43.33","987.68","742","527","20170525_190208.jpg"
"2017-05-25 19:12:28","28.51","43.46","987.76","743","528","20170525_191228.jpg"
"2017-05-25 19:22:47","28.56","43.50","987.71","743","528","20170525_192247.jpg"
"2017-05-25 19:33:07","28.70","43.12","987.55","745","528","20170525_193307.jpg"
"2017-05-25 19:43:27","28.84","42.99","987.50","747","527","20170525_194327.jpg"
"2017-05-25 19:53:46","28.70","43.37","987.29","744","527","20170525_195346.jpg"
"2017-05-25 20:04:06","28.52","43.89","987.07","744","528","20170525_200406.jpg"
"2017-05-25 20:14:26","28.54","43.88","987.81","745","527","20170525_201426.jpg"
"2017-05-25 20:24:46","28.56","43.93","987.71","743","527","20170525_202446.jpg"
"2017-05-25 20:35:05","28.31","44.76","988.15","991","528","20170525_203505.jpg"
"2017-05-25 20:45:25","28.39","44.59","988.18","992","527","20170525_204525.jpg"
"2017-05-25 20:55:45","28.28","45.05","988.44","990","528","20170525_205545.jpg"
"2017-05-25 21:06:05","28.15","45.28","988.65","1009","527","20170525_210605.jpg"
"2017-05-25 21:16:25","28.62","43.70","988.66","1008","527","20170525_211625.jpg"
"2017-05-25 21:26:45","28.73","43.35","988.29","1007","528","20170525_212645.jpg"
"2017-05-25 21:37:06","28.68","44.16","988.24","1010","527","20170525_213706.jpg"
"2017-05-25 21:47:26","28.75","43.83","988.45","1009","527","20170525_214726.jpg"
"2017-05-25 21:57:46","28.58","44.30","988.16","1007","528","20170525_215746.jpg"
"2017-05-25 22:08:07","28.67","43.79","988.27","1008","526","20170525_220807.jpg"
"2017-05-25 22:18:27","28.72","43.80","988.40","1007","527","20170525_221827.jpg"
"2017-05-25 22:28:48","28.71","43.97","988.13","1007","527","20170525_222848.jpg"
"2017-05-25 22:39:08","28.46","43.82","988.10","1007","527","20170525_223908.jpg"
"2017-05-25 22:49:28","28.53","43.78","988.00","1008","527","20170525_224928.jpg"
"2017-05-25 22:59:49","28.28","44.74","988.12","1009","527","20170525_225949.jpg"
"2017-05-25 23:10:09","28.46","43.88","987.84","1007","527","20170525_231009.jpg"
"2017-05-25 23:20:29","28.41","44.09","987.89","1007","527","20170525_232029.jpg"
"2017-05-25 23:30:50","28.52","44.77","987.63","1006","527","20170525_233050.jpg"
"2017-05-25 23:41:10","28.40","45.10","987.84","1006","527","20170525_234110.jpg"
"2017-05-25 23:51:30","28.62","44.65","987.79","1008","526","20170525_235130.jpg"
"2017-05-26 00:01:51","28.51","45.02","987.87","1009","527","20170526_000151.jpg"
"2017-05-26 00:12:11","28.50","45.08","987.86","1007","527","20170526_001211.jpg"
"2017-05-26 00:22:31","28.62","44.88","987.84","1006","527","20170526_002231.jpg"
"2017-05-26 00:32:52","28.62","44.98","987.79","1006","526","20170526_003252.jpg"
"2017-05-26 00:43:12","28.65","44.90","987.53","1007","528","20170526_004312.jpg"
"2017-05-26 00:53:33","28.65","44.97","987.61","1008","526","20170526_005333.jpg"
"2017-05-26 01:03:53","28.63","45.06","987.52","1010","525","20170526_010353.jpg"
"2017-05-26 01:14:13","28.60","45.14","987.44","1008","527","20170526_011413.jpg"
"2017-05-26 01:24:34","28.65","45.07","987.34","1007","527","20170526_012434.jpg"
"2017-05-26 01:34:54","28.61","45.18","987.21","1008","526","20170526_013454.jpg"
"2017-05-26 01:45:14","28.65","45.12","987.42","1008","526","20170526_014514.jpg"
"2017-05-26 01:55:35","28.60","45.26","987.39","1007","527","20170526_015535.jpg"
"2017-05-26 02:05:55","28.60","45.26","987.18","1007","526","20170526_020555.jpg"
"2017-05-26 02:16:15","28.56","45.38","987.07","1007","528","20170526_021615.jpg"
"2017-05-26 02:26:36","28.59","45.30","987.15","1009","525","20170526_022636.jpg"
"2017-05-26 02:36:56","28.56","45.42","987.13","1006","526","20170526_023656.jpg"
"2017-05-26 02:47:16","28.60","45.31","986.94","1009","525","20170526_024716.jpg"
"2017-05-26 02:57:37","28.49","45.49","986.60","1008","526","20170526_025737.jpg"
"2017-05-26 03:07:57","28.42","45.53","986.50","1007","526","20170526_030757.jpg"
"2017-05-26 03:18:18","28.24","45.65","987.04","1009","526","20170526_031818.jpg"
"2017-05-26 03:28:38","28.43","45.70","986.16","1007","526","20170526_032838.jpg"
"2017-05-26 03:38:58","28.42","45.75","986.50","1007","527","20170526_033858.jpg"
"2017-05-26 03:49:19","28.52","45.23","986.70","1008","526","20170526_034919.jpg"
"2017-05-26 03:59:39","28.49","45.61","986.56","1008","526","20170526_035939.jpg"
"2017-05-26 04:09:59","28.46","45.74","986.88","1008","526","20170526_040959.jpg"
"2017-05-26 04:20:20","28.48","45.72","986.86","1007","526","20170526_042020.jpg"
"2017-05-26 04:30:40","28.46","45.88","986.66","1007","527","20170526_043040.jpg"
"2017-05-26 04:41:00","28.48","45.88","986.60","999","527","20170526_044100.jpg"
"2017-05-26 04:51:20","28.46","46.01","986.78","998","526","20170526_045120.jpg"
"2017-05-26 05:01:40","28.43","46.19","986.91","994","527","20170526_050140.jpg"
"2017-05-26 05:12:00","28.46","46.22","987.07","990","526","20170526_051200.jpg"
"2017-05-26 05:22:20","28.41","46.50","987.20","979","526","20170526_052220.jpg"
"2017-05-26 05:32:39","28.44","46.53","986.80","966","526","20170526_053239.jpg"
"2017-05-26 05:42:59","28.43","46.61","987.23","969","527","20170526_054259.jpg"
"2017-05-26 05:53:19","28.42","46.42","987.39","928","525","20170526_055319.jpg"
"2017-05-26 06:03:38","28.42","46.89","986.88","903","527","20170526_060338.jpg"
"2017-05-26 06:13:58","28.33","47.07","986.94","905","526","20170526_061358.jpg"
"2017-05-26 06:24:18","28.40","47.13","986.96","882","526","20170526_062418.jpg"
"2017-05-26 06:34:38","28.38","47.23","987.09","908","525","20170526_063438.jpg"
"2017-05-26 06:44:57","28.41","47.27","987.04","911","526","20170526_064457.jpg"
"2017-05-26 06:55:17","28.34","47.58","987.04","840","526","20170526_065517.jpg"
"2017-05-26 07:05:37","28.32","47.69","987.01","886","525","20170526_070537.jpg"
"2017-05-26 07:15:56","27.99","48.69","987.03","833","525","20170526_071556.jpg"
"2017-05-26 07:26:16","28.23","48.17","986.99","857","526","20170526_072616.jpg"
"2017-05-26 07:36:36","28.32","47.90","986.99","867","525","20170526_073636.jpg"
"2017-05-26 07:46:56","28.30","46.83","987.17","855","526","20170526_074656.jpg"
"2017-05-26 07:57:15","28.31","46.69","987.38","879","525","20170526_075715.jpg"
"2017-05-26 08:07:35","28.32","47.32","987.38","884","525","20170526_080735.jpg"
"2017-05-26 08:17:55","28.36","47.98","987.57","814","526","20170526_081755.jpg"
"2017-05-26 08:28:14","28.28","48.18","987.41","815","525","20170526_082814.jpg"
"2017-05-26 08:38:34","28.29","48.10","987.52","806","524","20170526_083834.jpg"
"2017-05-26 08:48:54","27.60","50.74","987.73","743","525","20170526_084854.jpg"
"2017-05-26 08:59:13","27.38","51.63","986.86","673","526","20170526_085913.jpg"
"2017-05-26 09:09:33","27.40","51.73","986.70","674","525","20170526_090933.jpg"
"2017-05-26 09:19:53","27.41","51.62","985.93","669","526","20170526_091953.jpg"
"2017-05-26 09:30:13","27.39","51.24","985.77","622","525","20170526_093013.jpg"
"2017-05-26 09:40:32","27.39","51.98","987.18","728","525","20170526_094032.jpg"
"2017-05-26 09:50:52","27.39","51.92","986.53","669","525","20170526_095052.jpg"
"2017-05-26 10:01:12","27.40","51.21","986.45","651","526","20170526_100112.jpg"
"2017-05-26 10:11:31","27.35","51.50","986.19","683","526","20170526_101131.jpg"
"2017-05-26 10:21:51","27.40","51.71","986.45","717","525","20170526_102151.jpg"
"2017-05-26 10:32:11","27.34","52.80","986.79","712","525","20170526_103211.jpg"
"2017-05-26 10:42:31","27.46","53.20","986.94","701","525","20170526_104231.jpg"
"2017-05-26 10:52:50","27.41","53.00","986.56","697","526","20170526_105250.jpg"
"2017-05-26 11:03:10","27.52","51.93","986.11","678","526","20170526_110310.jpg"
"2017-05-26 11:13:30","27.48","49.80","986.35","653","526","20170526_111330.jpg"
"2017-05-26 11:23:49","27.54","48.97","986.22","686","525","20170526_112349.jpg"
"2017-05-26 11:34:09","27.55","51.76","986.48","623","524","20170526_113409.jpg"
"2017-05-26 11:44:29","27.47","52.10","985.72","594","525","20170526_114429.jpg"
"2017-05-26 11:54:48","27.28","54.72","986.19","653","525","20170526_115448.jpg"
"2017-05-26 12:05:08","27.49","53.58","985.93","578","525","20170526_120508.jpg"
"2017-05-26 12:15:28","27.53","50.50","986.24","684","525","20170526_121528.jpg"
"2017-05-26 12:25:48","27.45","52.86","985.77","646","525","20170526_122548.jpg"
"2017-05-26 12:36:07","27.42","54.11","986.01","661","525","20170526_123607.jpg"
"2017-05-26 12:46:27","27.48","54.94","985.74","590","525","20170526_124627.jpg"
"2017-05-26 12:56:47","27.34","55.56","985.87","601","526","20170526_125647.jpg"
"2017-05-26 13:07:06","27.52","55.11","985.72","653","525","20170526_130706.jpg"
"2017-05-26 13:17:26","27.44","55.11","985.66","679","526","20170526_131726.jpg"
"2017-05-26 13:27:46","27.45","55.91","985.77","683","525","20170526_132746.jpg"
"2017-05-26 13:38:06","27.32","56.75","985.71","689","525","20170526_133806.jpg"
"2017-05-26 13:48:25","27.30","56.89","985.69","672","525","20170526_134825.jpg"
"2017-05-26 13:58:45","27.28","57.21","985.79","667","525","20170526_135845.jpg"
"2017-05-26 14:09:05","27.32","57.17","985.77","656","526","20170526_140905.jpg"
"2017-05-26 14:19:24","27.18","57.49","985.60","647","526","20170526_141924.jpg"
"2017-05-26 14:29:44","27.51","56.82","985.66","622","525","20170526_142944.jpg"
"2017-05-26 14:40:04","27.28","57.63","985.58","682","525","20170526_144004.jpg"
"2017-05-26 14:50:24","27.29","58.75","985.55","636","524","20170526_145024.jpg"
"2017-05-26 15:00:43","27.32","57.72","985.58","686","525","20170526_150043.jpg"
"2017-05-26 15:11:03","27.35","57.31","985.61","706","524","20170526_151103.jpg"
"2017-05-26 15:21:23","27.29","57.59","985.50","699","524","20170526_152123.jpg"
"2017-05-26 15:31:42","27.30","57.04","985.47","685","524","20170526_153142.jpg"
"2017-05-26 15:42:02","27.52","56.28","985.59","674","525","20170526_154202.jpg"
"2017-05-26 15:52:22","27.44","56.83","985.64","706","523","20170526_155222.jpg"
"2017-05-26 16:02:41","27.56","56.36","985.61","725","526","20170526_160241.jpg"
"2017-05-26 16:13:01","27.28","57.47","985.82","708","524","20170526_161301.jpg"
"2017-05-26 16:23:21","27.30","56.64","985.74","736","524","20170526_162321.jpg"
"2017-05-26 16:33:41","27.07","57.38","985.84","726","524","20170526_163341.jpg"
"2017-05-26 16:44:00","27.00","57.46","985.86","726","524","20170526_164400.jpg"
"2017-05-26 16:54:20","27.24","56.82","985.84","711","523","20170526_165420.jpg"
"2017-05-26 17:04:40","27.12","57.08","985.97","721","523","20170526_170440.jpg"
"2017-05-26 17:14:59","27.20","57.11","985.92","726","524","20170526_171459.jpg"
"2017-05-26 17:25:19","27.09","57.64","986.05","730","524","20170526_172519.jpg"
"2017-05-26 17:35:39","27.10","57.58","986.10","734","523","20170526_173539.jpg"
"2017-05-26 17:45:58","27.12","57.66","986.21","744","523","20170526_174558.jpg"
"2017-05-26 17:56:18","26.90","58.56","986.34","744","522","20170526_175618.jpg"
"2017-05-26 18:06:38","27.04","57.90","986.52","747","522","20170526_180638.jpg"
"2017-05-26 18:16:58","27.34","56.75","986.48","775","522","20170526_181658.jpg"
"2017-05-26 18:27:17","27.32","56.89","986.56","752","522","20170526_182717.jpg"
"2017-05-26 18:37:37","27.46","56.12","986.62","754","522","20170526_183737.jpg"
"2017-05-26 18:47:57","27.32","56.64","986.70","755","522","20170526_184757.jpg"
"2017-05-26 18:58:16","27.38","56.58","986.70","758","522","20170526_185816.jpg"
"2017-05-26 19:08:36","27.05","57.60","986.77","763","523","20170526_190836.jpg"
"2017-05-26 19:18:56","27.06","57.76","986.81","763","522","20170526_191856.jpg"
"2017-05-26 19:29:15","27.06","57.99","986.90","764","522","20170526_192915.jpg"
"2017-05-26 19:39:35","27.06","58.32","987.04","764","522","20170526_193935.jpg"
"2017-05-26 19:49:55","27.09","58.17","987.17","765","522","20170526_194955.jpg"
"2017-05-26 20:00:15","26.99","57.88","986.55","765","522","20170526_200015.jpg"
"2017-05-26 20:10:34","27.03","57.58","986.90","766","521","20170526_201034.jpg"
"2017-05-26 20:20:54","27.01","57.67","987.04","764","521","20170526_202054.jpg"
"2017-05-26 20:31:14","27.02","57.82","987.19","765","522","20170526_203114.jpg"
"2017-05-26 20:41:33","27.10","57.47","987.25","759","522","20170526_204133.jpg"
"2017-05-26 20:51:53","27.15","56.71","987.35","792","521","20170526_205153.jpg"
"2017-05-26 21:02:13","27.20","56.59","987.49","992","522","20170526_210213.jpg"
"2017-05-26 21:12:33","27.38","55.88","987.39","1008","520","20170526_211233.jpg"
"2017-05-26 21:22:53","27.17","56.41","987.30","1007","521","20170526_212253.jpg"
"2017-05-26 21:33:14","27.14","56.53","987.43","1010","520","20170526_213314.jpg"
"2017-05-26 21:43:34","27.15","56.35","987.49","1008","520","20170526_214334.jpg"
"2017-05-26 21:53:54","27.19","56.07","987.46","1008","520","20170526_215354.jpg"
"2017-05-26 22:04:15","27.19","55.95","987.49","1010","521","20170526_220415.jpg"
"2017-05-26 22:14:35","27.19","56.05","987.57","1006","522","20170526_221435.jpg"
"2017-05-26 22:24:56","27.15","55.80","987.70","1006","521","20170526_222456.jpg"
"2017-05-26 22:35:16","27.16","55.63","987.62","1008","520","20170526_223516.jpg"
"2017-05-26 22:45:36","27.21","55.37","987.59","1006","521","20170526_224536.jpg"
"2017-05-26 22:55:57","27.38","54.74","987.36","1010","519","20170526_225557.jpg"
"2017-05-26 23:06:17","27.19","55.31","987.38","1006","521","20170526_230617.jpg"
"2017-05-26 23:16:37","27.30","54.85","987.28","1007","521","20170526_231637.jpg"
"2017-05-26 23:26:58","27.20","54.84","987.38","1009","520","20170526_232658.jpg"
"2017-05-26 23:37:18","27.20","54.76","987.38","1010","520","20170526_233718.jpg"
"2017-05-26 23:47:38","27.21","54.78","987.33","1006","520","20170526_234738.jpg"
"2017-05-26 23:57:59","27.21","54.68","987.28","1007","520","20170526_235759.jpg"
"2017-05-27 00:08:19","27.27","54.39","987.07","1007","520","20170527_000819.jpg"
"2017-05-27 00:18:39","27.18","54.54","986.99","1006","520","20170527_001839.jpg"
"2017-05-27 00:29:00","27.19","54.41","986.99","1007","521","20170527_002900.jpg"
"2017-05-27 00:39:20","27.15","54.54","986.91","1006","520","20170527_003920.jpg"
"2017-05-27 00:49:40","27.04","54.69","986.77","1006","519","20170527_004940.jpg"
"2017-05-27 01:00:01","27.05","54.66","986.61","1008","520","20170527_010001.jpg"
"2017-05-27 01:10:21","27.09","54.43","986.58","1007","519","20170527_011021.jpg"
"2017-05-27 01:20:42","27.15","54.16","986.53","1006","520","20170527_012042.jpg"
"2017-05-27 01:31:02","27.11","53.97","986.55","1008","520","20170527_013102.jpg"
"2017-05-27 01:41:22","27.13","54.17","986.50","1009","519","20170527_014122.jpg"
"2017-05-27 01:51:43","27.06","54.42","986.50","1008","519","20170527_015143.jpg"
"2017-05-27 02:02:03","27.15","53.90","986.55","1007","519","20170527_020203.jpg"
"2017-05-27 02:12:23","26.96","54.39","986.39","1008","518","20170527_021223.jpg"
"2017-05-27 02:22:44","27.09","53.99","986.31","1007","519","20170527_022244.jpg"
"2017-05-27 02:33:04","27.01","54.16","986.31","1007","519","20170527_023304.jpg"
"2017-05-27 02:43:24","27.12","53.70","986.39","1006","520","20170527_024324.jpg"
"2017-05-27 02:53:45","27.07","53.63","986.26","1009","519","20170527_025345.jpg"
"2017-05-27 03:04:05","27.02","53.97","986.31","1006","519","20170527_030405.jpg"
"2017-05-27 03:14:25","26.91","54.16","986.23","1008","519","20170527_031425.jpg"
"2017-05-27 03:24:46","26.95","53.95","986.21","1009","518","20170527_032446.jpg"
"2017-05-27 03:35:06","26.92","54.00","986.07","1008","519","20170527_033506.jpg"
"2017-05-27 03:45:26","26.92","53.97","986.05","1009","518","20170527_034526.jpg"
"2017-05-27 03:55:47","26.95","53.74","986.07","1008","518","20170527_035547.jpg"
"2017-05-27 04:06:07","26.98","53.78","986.15","1008","518","20170527_040607.jpg"
"2017-05-27 04:16:28","26.92","53.84","986.07","1006","519","20170527_041628.jpg"
"2017-05-27 04:26:48","27.04","52.93","986.13","1004","518","20170527_042648.jpg"
"2017-05-27 04:37:08","26.93","53.70","986.20","995","517","20170527_043708.jpg"
"2017-05-27 04:47:28","26.86","53.80","986.28","978","518","20170527_044728.jpg"
"2017-05-27 04:57:47","26.88","53.85","986.36","953","519","20170527_045747.jpg"
"2017-05-27 05:08:07","26.97","53.24","986.61","966","518","20170527_050807.jpg"
"2017-05-27 05:18:27","26.89","53.14","986.69","956","517","20170527_051827.jpg"
"2017-05-27 05:28:46","27.00","53.34","986.79","924","517","20170527_052846.jpg"
"2017-05-27 05:39:06","26.91","53.12","986.98","929","517","20170527_053906.jpg"
"2017-05-27 05:49:26","27.03","52.61","987.01","952","518","20170527_054926.jpg"
"2017-05-27 05:59:45","27.00","53.16","987.03","885","517","20170527_055945.jpg"
"2017-05-27 06:10:05","26.94","53.50","987.14","817","516","20170527_061005.jpg"
"2017-05-27 06:20:25","27.04","52.34","987.27","788","518","20170527_062025.jpg"
"2017-05-27 06:30:45","27.10","52.32","987.25","739","517","20170527_063045.jpg"
"2017-05-27 06:41:04","27.07","52.64","987.38","784","517","20170527_064104.jpg"
"2017-05-27 06:51:24","27.10","52.44","987.38","852","518","20170527_065124.jpg"
"2017-05-27 07:01:44","27.01","52.15","987.59","844","517","20170527_070144.jpg"
"2017-05-27 07:12:03","27.08","51.83","987.64","792","517","20170527_071203.jpg"
"2017-05-27 07:22:23","27.06","52.40","987.67","765","518","20170527_072223.jpg"
"2017-05-27 07:32:43","27.20","52.15","987.86","638","517","20170527_073243.jpg"
"2017-05-27 07:43:03","27.18","52.28","987.99","689","517","20170527_074303.jpg"
"2017-05-27 07:53:22","26.98","51.89","988.01","724","517","20170527_075322.jpg"
"2017-05-27 08:03:42","26.90","53.00","988.09","643","518","20170527_080342.jpg"
"2017-05-27 08:14:02","26.81","53.16","988.00","610","517","20170527_081402.jpg"
"2017-05-27 08:24:21","26.80","52.90","987.95","610","518","20170527_082421.jpg"
"2017-05-27 08:34:41","26.77","53.33","987.98","621","518","20170527_083441.jpg"
"2017-05-27 08:45:01","26.97","53.05","987.98","416","518","20170527_084501.jpg"
"2017-05-27 08:55:20","27.13","52.85","988.01","396","517","20170527_085520.jpg"
"2017-05-27 09:05:40","27.05","53.58","988.01","632","518","20170527_090540.jpg"
"2017-05-27 09:16:00","27.13","55.52","987.99","339","518","20170527_091600.jpg"
"2017-05-27 09:26:20","27.03","53.68","988.01","357","519","20170527_092620.jpg"
"2017-05-27 09:36:39","27.31","53.42","988.02","378","517","20170527_093639.jpg"
"2017-05-27 09:46:59","27.32","53.72","987.89","400","518","20170527_094659.jpg"
"2017-05-27 09:57:19","27.41","53.90","987.97","400","517","20170527_095719.jpg"
"2017-05-27 10:07:38","27.59","54.68","988.10","378","517","20170527_100738.jpg"
"2017-05-27 10:17:58","27.55","54.77","988.05","431","519","20170527_101758.jpg"
"2017-05-27 10:28:18","27.58","57.06","987.87","451","518","20170527_102818.jpg"
"2017-05-27 10:38:37","27.60","54.85","987.92","407","518","20170527_103837.jpg"
"2017-05-27 10:48:57","27.55","54.94","987.97","406","519","20170527_104857.jpg"
"2017-05-27 10:59:17","27.58","54.69","988.08","467","519","20170527_105917.jpg"
"2017-05-27 11:09:37","27.46","54.04","987.99","429","518","20170527_110937.jpg"
"2017-05-27 11:19:56","27.51","55.01","987.94","449","519","20170527_111956.jpg"
"2017-05-27 11:30:16","27.74","53.06","987.79","480","518","20170527_113016.jpg"
"2017-05-27 11:40:36","27.48","55.03","987.78","425","519","20170527_114036.jpg"
"2017-05-27 11:50:55","27.56","55.63","987.65","428","520","20170527_115055.jpg"
"2017-05-27 12:01:15","27.53","55.80","987.86","465","519","20170527_120115.jpg"
"2017-05-27 12:11:35","27.49","55.49","987.89","565","519","20170527_121135.jpg"
"2017-05-27 12:21:55","27.18","44.69","988.01","513","520","20170527_122155.jpg"
"2017-05-27 12:32:14","27.04","45.89","987.98","511","518","20170527_123214.jpg"
"2017-05-27 12:42:34","27.35","54.92","988.05","435","519","20170527_124234.jpg"
"2017-05-27 12:52:54","27.49","55.22","988.00","429","518","20170527_125254.jpg"
"2017-05-27 13:03:13","27.41","55.05","987.94","460","519","20170527_130313.jpg"
"2017-05-27 13:13:33","27.48","55.32","987.97","450","519","20170527_131333.jpg"
"2017-05-27 13:23:53","27.75","52.64","988.08","446","519","20170527_132353.jpg"
"2017-05-27 13:34:12","27.56","54.26","988.10","483","519","20170527_133412.jpg"
"2017-05-27 13:44:32","27.73","51.57","988.19","433","518","20170527_134432.jpg"
"2017-05-27 13:54:52","27.66","52.86","988.32","445","520","20170527_135452.jpg"
"2017-05-27 14:05:12","27.61","54.26","988.24","413","519","20170527_140512.jpg"
"2017-05-27 14:15:31","27.68","53.28","988.37","414","519","20170527_141531.jpg"
"2017-05-27 14:25:51","27.68","53.09","988.16","357","0","20170527_142551.jpg"
"2017-05-27 14:36:10","27.89","52.22","988.35","449","514","20170527_143610.jpg"
"2017-05-27 14:46:30","27.84","51.09","988.19","413","512","20170527_144630.jpg"
"2017-05-27 14:56:50","27.92","51.54","988.27","413","512","20170527_145650.jpg"
"2017-05-27 15:07:10","27.85","52.38","988.16","424","512","20170527_150710.jpg"
"2017-05-27 15:17:29","27.78","50.87","988.27","573","511","20170527_151729.jpg"
"2017-05-27 15:27:49","28.10","51.80","988.14","431","512","20170527_152749.jpg"
"2017-05-27 15:38:09","28.05","51.42","988.27","446","510","20170527_153809.jpg"
"2017-05-27 15:48:28","27.97","51.16","988.27","430","512","20170527_154828.jpg"
"2017-05-27 15:58:48","27.89","50.21","988.32","438","512","20170527_155848.jpg"
"2017-05-27 16:09:08","27.93","52.17","988.40","443","512","20170527_160908.jpg"
"2017-05-27 16:19:28","27.78","52.64","988.43","513","513","20170527_161928.jpg"
"2017-05-27 16:29:47","27.91","51.78","988.35","475","513","20170527_162947.jpg"
"2017-05-27 16:40:07","28.02","51.02","988.30","557","513","20170527_164007.jpg"
"2017-05-27 16:50:27","27.81","51.90","988.51","508","513","20170527_165027.jpg"
"2017-05-27 17:00:46","27.68","52.51","988.58","640","514","20170527_170046.jpg"
"2017-05-27 17:11:06","27.60","52.16","988.82","628","515","20170527_171106.jpg"
"2017-05-27 17:21:26","27.76","49.77","988.94","700","515","20170527_172126.jpg"
"2017-05-27 17:31:46","27.47","52.22","989.06","757","516","20170527_173146.jpg"
"2017-05-27 17:42:05","27.59","49.41","989.06","758","516","20170527_174205.jpg"
"2017-05-27 17:52:25","27.38","52.70","989.11","827","516","20170527_175225.jpg"
"2017-05-27 18:02:45","27.40","51.56","989.38","841","518","20170527_180245.jpg"
"2017-05-27 18:13:04","27.38","51.47","989.45","877","517","20170527_181304.jpg"
"2017-05-27 18:23:24","27.38","52.43","989.53","901","518","20170527_182324.jpg"
"2017-05-27 18:33:44","27.56","50.27","989.62","920","518","20170527_183344.jpg"
"2017-05-27 18:44:03","27.26","52.54","989.82","946","520","20170527_184403.jpg"
"2017-05-27 18:54:23","27.20","52.62","989.92","962","519","20170527_185423.jpg"
"2017-05-27 19:04:43","27.19","52.69","990.00","972","520","20170527_190443.jpg"
"2017-05-27 19:15:03","27.26","49.03","990.22","997","521","20170527_191503.jpg"
"2017-05-27 19:25:22","27.18","52.76","990.37","1000","521","20170527_192522.jpg"
"2017-05-27 19:35:42","27.15","52.78","990.62","999","521","20170527_193542.jpg"
"2017-05-27 19:46:02","27.21","52.58","990.67","998","523","20170527_194602.jpg"
"2017-05-27 19:56:22","27.18","52.53","990.83","1000","522","20170527_195622.jpg"
"2017-05-27 20:06:42","27.22","52.41","990.99","999","522","20170527_200642.jpg"
"2017-05-27 20:17:02","27.19","52.39","991.15","1007","523","20170527_201702.jpg"
"2017-05-27 20:27:22","27.24","52.16","991.12","1009","523","20170527_202722.jpg"
"2017-05-27 20:37:43","27.21","52.18","991.31","1007","524","20170527_203743.jpg"
"2017-05-27 20:48:03","27.17","52.27","991.44","1007","522","20170527_204803.jpg"
"2017-05-27 20:58:23","27.20","52.04","991.54","1010","523","20170527_205823.jpg"
"2017-05-27 21:08:44","27.56","51.07","991.63","1009","523","20170527_210844.jpg"
"2017-05-27 21:19:04","27.23","51.96","991.76","1006","525","20170527_211904.jpg"
"2017-05-27 21:29:24","27.34","50.92","991.76","1007","525","20170527_212924.jpg"
"2017-05-27 21:39:45","27.38","51.26","991.79","1008","524","20170527_213945.jpg"
"2017-05-27 21:50:05","27.47","50.91","991.89","1008","524","20170527_215005.jpg"
"2017-05-27 22:00:25","27.46","51.07","991.92","1007","525","20170527_220025.jpg"
"2017-05-27 22:10:46","27.41","50.78","991.94","1010","524","20170527_221046.jpg"
"2017-05-27 22:21:06","27.38","51.20","991.84","1007","525","20170527_222106.jpg"
"2017-05-27 22:31:26","27.42","50.96","992.02","1009","525","20170527_223126.jpg"
"2017-05-27 22:41:47","27.49","50.75","991.95","1009","524","20170527_224147.jpg"
"2017-05-27 22:52:07","27.50","50.51","992.05","1006","525","20170527_225207.jpg"
"2017-05-27 23:02:28","27.45","50.29","992.03","1009","525","20170527_230228.jpg"
"2017-05-27 23:12:48","27.41","50.10","992.02","1007","526","20170527_231248.jpg"
"2017-05-27 23:23:08","27.53","50.04","991.95","1009","525","20170527_232308.jpg"
"2017-05-27 23:33:29","27.46","50.49","991.81","1009","525","20170527_233329.jpg"
"2017-05-27 23:43:49","27.38","50.69","991.79","1006","526","20170527_234349.jpg"
"2017-05-27 23:54:09","27.35","50.40","991.76","1007","526","20170527_235409.jpg"
"2017-05-28 00:04:30","27.41","49.95","991.76","1008","525","20170528_000430.jpg"
"2017-05-28 00:14:50","27.41","49.77","991.79","1007","526","20170528_001450.jpg"
"2017-05-28 00:25:10","27.46","49.58","991.76","1010","525","20170528_002510.jpg"
"2017-05-28 00:35:31","27.47","49.23","991.63","1009","525","20170528_003531.jpg"
"2017-05-28 00:45:51","27.44","49.43","991.52","1007","526","20170528_004551.jpg"
"2017-05-28 00:56:11","27.41","49.60","991.60","1008","525","20170528_005611.jpg"
"2017-05-28 01:06:32","27.26","50.10","991.57","1007","526","20170528_010632.jpg"
"2017-05-28 01:16:52","27.39","49.77","991.58","1006","525","20170528_011652.jpg"
"2017-05-28 01:27:12","27.41","49.51","991.60","1007","526","20170528_012712.jpg"
"2017-05-28 01:37:33","27.42","49.42","991.63","1008","525","20170528_013733.jpg"
"2017-05-28 01:47:53","27.42","49.42","991.71","1007","526","20170528_014753.jpg"
"2017-05-28 01:58:14","27.23","50.01","991.86","1008","525","20170528_015814.jpg"
"2017-05-28 02:08:34","27.41","49.28","991.87","1007","527","20170528_020834.jpg"
"2017-05-28 02:18:54","27.30","49.65","991.84","1007","527","20170528_021854.jpg"
"2017-05-28 02:29:15","27.42","48.98","991.84","1008","525","20170528_022915.jpg"
"2017-05-28 02:39:35","27.30","49.41","991.81","1008","525","20170528_023935.jpg"
"2017-05-28 02:49:55","27.34","49.14","992.00","1008","526","20170528_024955.jpg"
"2017-05-28 03:00:16","27.37","49.19","991.94","1007","525","20170528_030016.jpg"
"2017-05-28 03:10:36","27.29","49.19","991.86","1008","526","20170528_031036.jpg"
"2017-05-28 03:20:56","27.31","49.16","991.71","1008","526","20170528_032056.jpg"
"2017-05-28 03:31:17","27.31","49.19","991.86","1009","525","20170528_033117.jpg"
"2017-05-28 03:41:37","27.32","48.77","992.02","1009","526","20170528_034137.jpg"
"2017-05-28 03:51:57","27.20","49.42","992.10","1008","526","20170528_035157.jpg"
"2017-05-28 04:02:18","27.16","49.10","992.02","1009","526","20170528_040218.jpg"
"2017-05-28 04:12:38","27.32","48.91","992.07","1006","526","20170528_041238.jpg"
"2017-05-28 04:22:58","27.20","48.99","992.04","1000","526","20170528_042258.jpg"
"2017-05-28 04:33:18","27.36","48.36","992.13","986","526","20170528_043318.jpg"
"2017-05-28 04:43:38","27.19","49.06","992.47","969","526","20170528_044338.jpg"
"2017-05-28 04:53:58","27.30","48.63","992.48","933","527","20170528_045358.jpg"
"2017-05-28 05:04:17","27.29","48.69","992.56","943","526","20170528_050417.jpg"
"2017-05-28 05:14:37","27.25","48.51","992.56","924","526","20170528_051437.jpg"
"2017-05-28 05:24:57","27.26","48.65","992.52","879","527","20170528_052457.jpg"
"2017-05-28 05:35:16","27.33","48.32","992.66","824","525","20170528_053516.jpg"
"2017-05-28 05:45:36","27.31","48.50","992.72","792","525","20170528_054536.jpg"
"2017-05-28 05:55:56","27.25","48.84","992.87","840","526","20170528_055556.jpg"
"2017-05-28 06:06:15","27.26","48.56","992.87","733","526","20170528_060615.jpg"
"2017-05-28 06:16:35","27.30","48.46","993.11","706","525","20170528_061635.jpg"
"2017-05-28 06:26:55","27.37","48.32","993.17","636","526","20170528_062655.jpg"
"2017-05-28 06:37:15","27.18","48.93","993.29","584","526","20170528_063715.jpg"
"2017-05-28 06:47:34","27.38","48.14","993.27","448","526","20170528_064734.jpg"
"2017-05-28 06:57:54","27.41","48.31","993.43","528","526","20170528_065754.jpg"
"2017-05-28 07:08:14","27.41","47.95","993.54","561","526","20170528_070814.jpg"
"2017-05-28 07:18:33","27.44","48.07","993.62","540","526","20170528_071833.jpg"
"2017-05-28 07:28:53","27.30","48.40","993.67","450","527","20170528_072853.jpg"
"2017-05-28 07:39:13","27.28","48.41","993.69","533","526","20170528_073913.jpg"
"2017-05-28 07:49:33","27.30","48.37","993.59","513","527","20170528_074933.jpg"
"2017-05-28 07:59:52","29.15","43.92","993.49","211","526","20170528_075952.jpg"
"2017-05-28 08:10:12","28.88","44.23","993.41","321","528","20170528_081012.jpg"
"2017-05-28 08:20:32","27.66","46.93","993.52","458","526","20170528_082032.jpg"
"2017-05-28 08:30:51","27.54","47.17","993.44","350","526","20170528_083051.jpg"
"2017-05-28 08:41:11","27.65","46.75","993.47","330","526","20170528_084111.jpg"
